Name	Address	Phone number
Albert einstein	681 Morning Glory CirJesup, Georgia(GA), 31546	(561) 964-9868
Isaac 	681 Main St Jeffersonville, Georgia(GA), 31044	(614) 523-0426
Marie curie	6817 Crest Hwy Molena, Georgia(GA), 30258	(615) 220-4260
Georgialil√©e	682 Stonemill Mnr Lithonia, Georgia(GA), 30058	(617) 926-3534
Anand	682 Sir Charles Dr Fairburn, Georgia(GA), 30213	(478) 240-9372
Ram	8828 Georgia 112 Hwy Rochelle, Georgia(GA), 31079	(912) 579-9977
Bob	137 Easy St Americus, Georgia(GA), 31709	(601) 795-8630
Collin	10892 Crabapple Rd # Roswell, Georgia(GA), 30075	(229) 365-7584
Pardhu	8821 Georgia 15 Hwy N Warthen, Georgia(GA), 31094	(931) 707-8086
Jimmy	8822 Waycross Hwy Screven, Georgia(GA), 31560	(931) 707-8027
Mickey Oberoi	36 Driveway Highland coast Ohio (OH), 30186	(368) 583-8940
Dan Kenny	782 Chatanooga Bay Greenside , Georgia(GA), 30284	(456) 372-9483
